SIRET,raison_sociale
51612412980230,Conseil Supérieur des Titres
97077537275331,Bureau Central des Registres
16307324939283,Fondation pour le Patrimoine Culinaire
28653220870225,Conseil Supérieur des Titres
78755548272395,Fondation pour le Patrimoine Culinaire
86712065421852,Ordre Souverain de la Table Ronde
37261908100734,Union Culturelle des Hauts-Plateaux
30463935536133,Distributeurs de Saveurs Associés
35700297967566,Union Culturelle des Hauts-Plateaux
56256183348263,Fondation pour le Patrimoine Culinaire
44075991183644,Comité de Régulation des Grades
62430327475858,La Grande Loge du Tenrac Doré
26910685877213,Comité de Régulation des Grades
96876256202277,Cercle des Veilleurs de l'Aube
38832022983473,Union Culturelle des Hauts-Plateaux
27481757613206,Gastronomie & Traditions SARL
72865377433646,Cercle des Veilleurs de l'Aube
51879483614974,Fondation pour le Patrimoine Culinaire
65688676904208,Académie de la Dignité Tenrac
35740869387087,Cercle des Veilleurs de l'Aube
57938923567961,Association Tenrac Solidarité
58855560658801,Comité de Régulation des Grades
95849687864668,Ordre Souverain de la Table Ronde
41019667559980,Académie de la Dignité Tenrac
72458348747587,Maintenance Industrielle Tech
29323623821615,Fondation pour le Patrimoine Culinaire
76353760863542,Gastronomie & Traditions SARL
48266218667946,Chambre des Métiers de l'Ordre
64003238595118,Fédération Inter-Clubs du Sud
31136568414766,Maintenance Industrielle Tech
11581753458384,Maintenance Industrielle Tech
20389015423152,La Grande Loge du Tenrac Doré
67170413246160,Cercle des Veilleurs de l'Aube
10360024973359,Maintenance Industrielle Tech
27099381504991,Union Culturelle des Hauts-Plateaux
12066172800253,Conseil Supérieur des Titres
63056997034569,Association Tenrac Solidarité
69264419026896,Fondation pour le Patrimoine Culinaire
48544329947416,Bureau Central des Registres
63287100721960,Académie de la Dignité Tenrac
58881080726539,Ordre Souverain de la Table Ronde
95936432490971,Cercle des Veilleurs de l'Aube
41591597538740,Chambre des Métiers de l'Ordre
70197266738207,Institut d'Études des Croyances
83688343444078,Comité de Régulation des Grades
49639791682455,Conseil Supérieur des Titres
22729286339095,Cercle des Veilleurs de l'Aube
79982723719470,Fédération Inter-Clubs du Sud
46262796251169,Union Culturelle des Hauts-Plateaux
74404043658141,Logistique Alimentaire de France
62795905254085,Gastronomie & Traditions SARL
25019605746153,Union Culturelle des Hauts-Plateaux
89964380792656,La Grande Loge du Tenrac Doré
70480484329056,Ordre Souverain de la Table Ronde
90231479666787,Alliance Secrète des Gastronomes
54683641646008,Logistique Alimentaire de France
35861721546105,Restauration Collective Tenrac
79795097709038,Ordre Souverain de la Table Ronde
35726933287596,Académie de la Dignité Tenrac
48575672901543,Distributeurs de Saveurs Associés
41603927946813,Chambre des Métiers de l'Ordre
17120547682804,Union Culturelle des Hauts-Plateaux
27095908199910,Distributeurs de Saveurs Associés
63311767213564,Cercle des Veilleurs de l'Aube
22198331691964,Distributeurs de Saveurs Associés
56755941923307,Maintenance Industrielle Tech
75798900456409,Académie de la Dignité Tenrac
82627991574641,Gastronomie & Traditions SARL
19643449714654,Restauration Collective Tenrac
27271529077516,Logistique Alimentaire de France
71971437297955,Confrérie des Amis du Bien-Vivre
18406154251668,Fondation pour le Patrimoine Culinaire
91510818259052,Association Tenrac Solidarité
87200448317965,Cercle des Veilleurs de l'Aube
12808977675422,Confrérie des Amis du Bien-Vivre
14038703908321,Cercle des Veilleurs de l'Aube
70252738091884,La Grande Loge du Tenrac Doré
48063313293782,Confrérie des Amis du Bien-Vivre
21507548638953,Chambre des Métiers de l'Ordre
42695336430800,Logistique Alimentaire de France
74960870113015,Restauration Collective Tenrac
36638333297039,Association Tenrac Solidarité
12219333875465,Chambre des Métiers de l'Ordre
89914947419185,Confrérie des Amis du Bien-Vivre
28480117247825,Institut d'Études des Croyances
31446946236337,La Grande Loge du Tenrac Doré
11822738727376,Alliance Secrète des Gastronomes
20746554550134,Association Tenrac Solidarité
52172080164986,Association Tenrac Solidarité
79003511561109,Alliance Secrète des Gastronomes
55644637251572,Confrérie des Amis du Bien-Vivre
41862467734446,Alliance Secrète des Gastronomes
81998879474692,Restauration Collective Tenrac
46783941090090,Logistique Alimentaire de France
15710089064734,Conseil Supérieur des Titres
14623546935126,Alliance Secrète des Gastronomes
70090196202791,Association Tenrac Solidarité
35102520948768,Maintenance Industrielle Tech
99198957401254,Distributeurs de Saveurs Associés
61874815222061,Ordre Souverain de la Table Ronde
